Label,Text
Typhoid,Medyo tumaas yung lagnat ko nung mga nakalipas na araw tapos nanakit din yung tiyan ko paminsan-minsan na parang ayaw lumabas ng tae ko. Pansin ko rin yung pamumutla ko tapos ang bilis ko rin mapagod.
Typhoid,"Bugrit yung tae ko, tapos pabago-bago kaya nakakapanghina. Samahan mo pa ng pananakit ng tiyan tapos parang bloated ako na hindi ko maintindihan."
Typhoid,"Giniginaw ako sa lamig kahit walang nakatutok na electric fan, tapos nilalagnat din. Ang sakit din ng tiyan ko sobra. Sobrang sama rin sa pakiramdam parang pinagsama yung pagod tas yung sakit ng tiyan."
Typhoid,Mahirap manatiling hydrated dahil sa pagsusuka at paminsang pagtatae. May kasamang bahagyang lagnat at pananakit ng ulo.
Typhoid,Malaki ang ibinaba ng aking timbang sa nakaraang linggo dahil sa kakulangan sa pagkain dulot ng pagduduwal at pagsusuka. Kasama nito ang bahagyang lagnat at pananakit ng tiyan.
Typhoid,"Sa sobrang pagod, parang hinihigop yung buong lakas mo eh. Ang hirap din kumilos at gumawa ng mga normal na mga gawain kasi minsan biglang sumasakit yung tiyan mo at nakakairita."
Typhoid,"Ang bigat ng ulo ko nung mga nakalipas na araw. Literal na sobrang sakit ng ulo ko. Wala rin akong gana kumain kasi ang sakit din ng tiyan ko, tapos parang tinitibi ako. Ang kaunti lang din ng dumi ko."
Typhoid,"May mataas na lagnat tuwing gabi, at bahagyang pananakit ng ulo. Kasama rin ang pagtitibi at paminsang pagtatae."
Typhoid,Nahihirapan akong kumain at matulog dahil sa pagduduwal at pananakit ng tiyan. May bahagyang lagnat at pakiramdam ko ay hindi komportable. Pinagpapawisan pa ako nang malala.
Typhoid,"Pagtatae na matubig at mabahong amoy, sinamahan ng pananakit ng tiyan. Parang gusto kong sumuka halos buong oras."
Typhoid,"Hirap matulog dahil sa mataas na lagnat, pananakit ng ulo, at pananakit ng tiyan tuwing gabi."
Typhoid,"Nagsabay yung pagtitibi at pagtatae, tas biglaan din yung sobrang pananakit ng tiyan. Parang pinapatay ako sa sakit, grabe. Wala rin ako ganang kumain."
Typhoid,Matinding pananakit ng tiyan na may kasamang pagtitibi at paminsang lagnat na nagpapahina sa katawan.
Typhoid,"Paulit-ulit na lagnat, pananakit ng ulo, at pananakit ng tiyan na may hirap sa pagdumi buong maghapon."
Typhoid,"Pagtatae na malabnaw, pananakit ng tiyan, at kawalan ng gana kumain na nagdudulot ng labis na panghihina."
Typhoid,"Paminsang pagsusuka, kabag at kirot sa bandang puson, at pakiramdam na dehydrated dahil sa kawalan ng gana."
Typhoid,"Mataas na lagnat tuwing gabi, panginginig, at masidhing sakit ng tiyan na humahadlang sa normal na gawain."
Typhoid,Pabadya-badya yung pagduduwal at pagsusuka na may kasamang pananakit ng ulo at hapdi sa sikmura.
Typhoid,Hirap sa pagdumi at paninikip sa tiyan na may kasamang pagkapagod at panghihina sa maghapon.
Typhoid,"Malambot at madalas na dumi, sakit sa tiyan, at pagkawala ng ganang kumain na nagpapayat sa mga nakaraang araw pagsusuka at pagtatae, kasabay ng mataas na lagnat at pananakit ng ulo. Nahihirapan akong manatiling hydrated."
Typhoid,"Masakit at madalas na pananakit ng tiyan, sinamahan ng hirap sa pagdumi at pagsusuka. Labis akong nag-aalala sa kalusugan."
Typhoid,"Pananakit ng sikmura at bituka na may kabag at pagtitibi, kalakip ang hirap makatulog dahil sa lagnat ."
Typhoid,"Madalas ang pananakit ng tiyan, at paminsan-minsan ay may hirap sa pagdumi. Kasama rin ang pagsusuka at patuloy na pagkapagod. Lubos akong nag-aalala sa kalusugan ko."
Typhoid,Paminsang pagtatae at pananakit ng tiyan na may kasamang kawalan ng gana at pagod na hindi nawawala.
Typhoid,May kakaibang sakit sa bandang tiyan ko na hindi ko maintindihan. Kasama rin nito ang pagsusuka at pakiramdam ng pagka-dehydrate.
Typhoid,"Pagtatae na malabnaw at mabahong amoy, sinamahan ng pananakit ng tiyan at ulo. Pakiramdam ko ay palaging gusto kong sumuka."
Typhoid,"Mataas ang lagnat sa nakalipas na ilang araw, kasabay ng matinding pananakit ng tiyan at paminsang hirap sa pagdumi. Lubos akong pagod at mahina."
Typhoid,"Matinding pagduduwal at pagsusuka, kaya nahihirapan akong kumain ng kahit ano. Nawalan ako ng gana at labis na nanghihina."
Typhoid,"Hirap matulog dahil sa patuloy na mataas na lagnat at pananakit ng ulo. Dagdag pa rito, palagi ang pananakit ng tiyan kaya hindi ako makapagtrabaho o makagalaw ng normal."
Typhoid,"Labis na pagkapagod at panghihina, kasabay ng bahagyang lagnat at pananakit ng tiyan. Pakiramdam ko ay hindi ko kayang gumawa ng kahit anong pisikal na gawain."
Typhoid,"Hirap sa pagdumi at pananakit ng tiyan, na talagang hindi komportable. Lumalala ang pananakit at nakakaapekto sa pang-araw-araw na buhay."
Typhoid,"Pagsusuka at pagtatae na patuloy, kasabay ng mataas na lagnat at pananakit ng ulo. Pakiramdam ko ay palaging nanghihina."
Typhoid,Madalas at masakit ang pananakit ng tiyan. Kasama rin ang hirap sa pagdumi at paminsang pagsusuka. Nag-aalala ako sa aking kalusugan.
Typhoid,"Matinding pananakit ng tiyan at hirap sa pagdumi, tuwing gabi sinasamahan ng pananakit ng ulo at giniginaw. Nakaraang mga araw ay talagang mahirap."
Typhoid,"May kakaibang sakit sa tiyan, paminsang pagsusuka, at bahagyang lagnat. Pakiramdam ko ay hindi ko maintindihan ang nangyayari sa katawan ko."
Typhoid,"Pagtatae at matinding pananakit ng tiyan, sinamahan ng bahagyang lagnat. Madalas kong nararamdaman ang pagod at panghihina."
Typhoid,"Nilalagnat ako sa nakalipas na ilang araw, kasabay ng matinding pananakit ng tiyan at hirap sa pagdumi. Pakiramdam ko ay talagang hindi normal ang pakiramdam ko."
Typhoid,"Labis na pagduduwal at pagsusuka, kaya halos hindi ako makakain. Nawalan ako ng gana at labis na panghihina."
Typhoid,"Patuloy ang mataas na lagnat at pananakit ng ulo, kasabay ng palagiang pananakit ng tiyan. Hirap akong gumalaw at magtrabaho ng normal."
Typhoid,"Nawalan ako ng gana kumain at napansin ko ang malaking pagbaba ng timbang. May pananakit ako sa tiyan, lalo na sa bahagi ng aking sikmura at bituka. Nag-aalala ako sa aking kalusugan."
Typhoid,"Patuloy ang pananakit ng ulo sa nakalipas na linggo, kasabay ng pananakit ng tiyan, pagtitibi, at paminsang pagtatae. Labis ang pag-aalala ko sa kalusugan ko."
Typhoid,"Malaki ang pagbaba ng timbang sa nakaraang linggo dahil sa kakulangan ng pagkain dulot ng pagsusuka at pagduduwal. Kasama rin ang lagnat, pananakit ng ulo at pananakit ng tiyan."
Typhoid,Pagtatae at pagtitibi na labis na nakakabahala. Matinding pananakit ng tiyan at patuloy na pagkapagod. Nawalan ako ng gana kumain.
Typhoid,"Pagtatae na malambot at basa nang maraming beses sa isang araw, kasama ang pagkawala ng gana kumain at palaging pakiramdam ng pagod. Kasama rin ang bahagyang lagnat at pananakit ng tiyan."
Typhoid,"Hirap sa pagdumi at patuloy na pananakit ng tiyan, na nagdudulot ng matinding abala sa pang-araw-araw na gawain."
Typhoid,"Nahihirapan po akong manatiling hydrated dahil sa pagsusuka at pagtatae. Nakakaranas po ako ng mataas na lagnat, pagtitibi, at pananakit ng ulo. Nagsisimula na rin po akong makaramdam ng kakaibang pananakit sa tiyan at hindi ko po kayang gumawa ng anumang pisikal na gawain."
Typhoid,"Nakakaranas po ako ng pananakit ng ulo sa nakalipas na isang linggo na patuloy na lumalala. Kasabay nito ang pananakit ng tiyan, pagtitibi, at pagtatae. Hindi ko po alam ang nangyayari at labis po akong nag-aalala tungkol dito."
Typhoid,"Nabawasan po nang malaki ang aking timbang sa nakalipas na isang linggo dahil hindi po ako makakakain nang maayos dulot ng pagduduwal at pagsusuka. Kasunod nito ay mataas na lagnat, pananakit ng ulo, at pananakit ng tiyan."
Typhoid,"Nakakaranas po ako ng pagtatae at pagtitibi, na labis po akong ikinababahala. May matindi at masakit na pananakit po sa aking tiyan. Palagi po akong pagod at nawalan ng ganang kumain."
Typhoid,"Nakakaranas po ako ng pagtatae at malambot o basa na dumi nang maraming beses sa isang araw. Nawalan po ako ng ganang kumain at palagi po akong nakararamdam ng sakit. Nagsisimula na rin po akong makaramdam ng bahagyang lagnat. Bukod pa rito, labis po ang pananakit ng aking tiyan. Hindi ko po alam ang dahilan ng mga ito."
Typhoid,"Nakakaranas po ako ng hirap sa pagdumi at patuloy na pananakit ng tiyan, na nagdudulot ng matinding abala sa aking pang-araw-araw na gawain."
Typhoid,"Tuwing gabi ay nilalagnat ako, kasabay ng pananakit ng tiyan at bahagyang pananakit ng ulo. Hirap akong kumain at palagi akong pagod."
Typhoid,Madalas akong pagod at mahina dahil sa pagsusuka at kawalan ng gana sa pagkain. May kaunting lagnat at matinding pananakit ng tiyan.
Typhoid,"Laging nagtatae at nahihirapan sa pagdumi, kasabay ng matinding pananakit ng tiyan. Pakiramdam ko ay halos wala nang lakas."
Typhoid,"Panginginig at banayad na lagnat sa gabi, kasabay ng pananakit ng tiyan at paminsang pagsusuka. Lubos akong pagod at irritable."
Typhoid,Mataas ang lagnat tuwing gabi at sinamahan ng pananakit ng ulo at tiyan. Nawalan ako ng gana kumain at napapansin kong pumapayat.
Typhoid,"Matinding pananakit ng tiyan at pagtatae, paminsang pagsusuka, kasabay ng pakiramdam ng pagka-dehydrate. Palaging pagod at mahina."
Typhoid,"Labis na pagsusuka at pagtatae, kaya halos hindi ako makakain. Nawalan ako ng gana at malakas ang pagkapagod."
Typhoid,"Patuloy na pananakit ng tiyan at pagtitibi, kasabay ng banayad na lagnat. Hindi ko kayang gumalaw ng normal at palagi akong pagod."
Typhoid,"Patuloy ang pananakit ng ulo at tiyan sa nakalipas na linggo, kasabay ng pagtitibi at paminsang pagtatae. Labis ang aking panghihina."
Typhoid,"Malaking pagbaba ng timbang sa nakalipas na linggo dahil sa kakulangan ng pagkain dulot ng pagsusuka at pagtatae. Kasama rin ang lagnat, pananakit ng ulo at tiyan."
Typhoid,Pagtatae at pagtitibi na nakakaapekto sa pang-araw-araw na buhay. Kasama ang matinding pananakit ng tiyan at labis na panghihina.
Typhoid,"Pagtatae na malambot at basa nang maraming beses sa isang araw, nawalan ng gana sa pagkain at palaging pagod. Bahagyang lagnat at pananakit ng tiyan."
Typhoid,"Parang tubol palagi yung tae ko, ang hirap dumumi. Sakit pa ng tiyan ko palagi. Paminsan-minsan nakakaramdam din ako ng pagkapagod. Ang sakit din ng katawan ko tapos nilalagnat pa."
Typhoid,"Mataas ang lagnat sa gabi, sinamahan ng pananakit ng ulo at tiyan. Nawalan ako ng gana kumain at pakiramdam ko ay halos wala nang lakas."
Typhoid,"Pakiramdam ko po ay tuloy-tuloy ang panghihina, may pagsusuka at pagtatae, at bahagyang lagnat. Hirap akong gumawa ng kahit anong pisikal na gawai"
Typhoid,"Madalas akong nilalagnat tuwing gabi, may kasamang pananakit ng tiyan at pagsusuka. Nawalan ako ng gana kumain at palaging mahina."
Typhoid,"Pagtatae at paminsang pagsusuka, sinamahan ng matinding pananakit ng tiyan at bahagyang lagnat. Pakiramdam ko ay walang lakas ang katawan ko."
Typhoid,"Tuwing gabi, nararamdaman ko ang panginginig at mataas na lagnat, kasabay ng pananakit ng tiyan at paminsang pagsusuka."
Typhoid,"Patuloy ang matinding pananakit ng tiyan at pagtitibi, kasama ang pagduduwal at labis na panghihina. Nawalan ako ng gana kumain."
Typhoid,"Matinding pagkapagod at iritabilidad, sinamahan ng bahagyang lagnat, paminsang pagsusuka, at pananakit ng tiyan."
Typhoid,"Pagtatae na paulit-ulit, paminsang pagsusuka, at banayad na lagnat sa gabi. Pakiramdam ko ay labis akong mahina at pagod."
Typhoid,"Patuloy na pananakit ng ulo at tiyan, kasabay ng pagtitibi at paminsang pagtatae. Nawalan ako ng gana kumain at pakiramdam ko ay dehydrated."
Typhoid,"Matinding pananakit ng tiyan, paminsang pagsusuka, at pagtatae. Palaging pagod at mahina, hindi kaya ang pang-araw-araw na gawain."
Typhoid,"Labis na panghihina at pagkawala ng gana sa pagkain, sinamahan ng matinding pagtatae at pananakit ng tiyan. Bahagyang lagnat tuwing gabi."
Typhoid,"Pagtitibi at paminsang pagtatae, kasabay ng pananakit ng tiyan at pagsusuka. Pakiramdam ko ay palaging pagod at dehydrated."
Typhoid,"Bahagyang lagnat sa gabi, paminsang panginginig, at patuloy na pananakit ng tiyan. Nawalan ako ng gana kumain at palaging mahina."
Typhoid,"Pagtatae at pagsusuka, kasabay ng matinding pananakit ng tiyan at banayad na lagnat. Lubos akong pagod at hindi kaya ang normal na gawain."
Typhoid,"Madalas na pagtatae at paminsang pagtitibi, sinamahan ng pananakit ng tiyan, paminsang pagsusuka, at panginginig tuwing gabi."
Typhoid,"Mataas ang lagnat sa gabi, kasabay ng pananakit ng ulo at matinding pananakit ng tiyan. Nawalan ako ng gana sa pagkain at labis ang pagod."
Typhoid,"Matinding pagkapagod at panghihina, sinamahan ng pagsusuka, pagtatae, at pananakit ng tiyan. Nawalan ako ng gana kumain at palaging dehydrated."
Typhoid,"Pagtatae at pagtitibi na nakakaapekto sa araw-araw na gawain, kasama ang matinding pananakit ng tiyan at banayad na lagnat."
Typhoid,"Tuwing gabi, nilalagnat ako at nanginginig, kasabay ng pananakit ng ulo at tiyan. Palaging pagod at nahihirapang kumain."
Typhoid,"Pagtatae at paminsang pagsusuka, kasabay ng pananakit ng tiyan at labis na pagod. Nawalan ako ng gana kumain at pumapayat."
Typhoid,"Patuloy na pananakit ng tiyan, paminsang pagsusuka, at pagtitibi. Laging pagod at mahina, hindi kaya ang pang-araw-araw na gawain."
Typhoid,"Bahagyang lagnat sa gabi, paminsang panginginig, at patuloy na pananakit ng tiyan. Nawalan ng gana sa pagkain at labis ang pagod."
Typhoid,"Matinding pagtatae at paminsang pagsusuka, kasabay ng pananakit ng tiyan at bahagyang lagnat. Pakiramdam ko ay dehydrated at mahina."
Typhoid,"Pagtitibi at pagtatae, sinamahan ng matinding pananakit ng tiyan at paminsang pagsusuka. Nawalan ako ng gana kumain at palaging pagod."
Typhoid,"Madalas akong nilalagnat sa gabi, sinamahan ng paminsang panginginig at pananakit ng tiyan. Nawalan ako ng gana kumain at palaging mahina."
Typhoid,"Patuloy na pagtatae at paminsang pagsusuka, kasabay ng pananakit ng tiyan at labis na pagod. Nawalan ako ng gana sa pagkain at pumapayat."
Typhoid,"Matinding pananakit ng tiyan at paminsang pagsusuka, kasabay ng bahagyang lagnat sa gabi. Pakiramdam ko ay laging pagod at dehydrated."
Typhoid,"Pagtitibi at patuloy na pagtatae, sinamahan ng pananakit ng tiyan at paminsang pagsusuka. Laging mahina at hindi kaya ang normal na gawain."
Typhoid,"Bahagyang lagnat tuwing gabi, paminsang panginginig, at patuloy na pananakit ng tiyan. Nawalan ng gana sa pagkain at labis ang pagod."
Typhoid,"Madalas na paminsang pagsusuka at pagtatae, sinamahan ng matinding pananakit ng tiyan at labis na pagod."
Typhoid,"Tuwing gabi, nilalagnat ako at nanginginig, kasabay ng pananakit ng tiyan at paminsang pagsusuka. Nawalan ng gana kumain."
Typhoid,"Matinding pagtitibi at paminsang pagtatae, kasabay ng pananakit ng tiyan at bahagyang lagnat. Pakiramdam ko ay labis akong mahina."
Typhoid,"Pagtatae at paminsang pagsusuka, kasabay ng pananakit ng tiyan at lagnat sa gabi. Nawalan ako ng gana kumain at palaging pagod."
Typhoid,"Patuloy na pananakit ng tiyan, paminsang pagsusuka, at pagtitibi. Palaging mahina at napapagod sa simpleng gawain."
Typhoid,"Madalas na paminsang panginginig at lagnat sa gabi, kasabay ng matinding pananakit ng tiyan at pagsusuka. Nawalan ako ng gana kumain."
Typhoid,"Pagtatae at paminsang pagtitibi, kasabay ng pananakit ng tiyan at paminsang pagsusuka. Labis ang pagod at hindi kaya ang normal na gawain."
Typhoid,"Bahagyang lagnat sa gabi, paminsang panginginig, at patuloy na pananakit ng tiyan. Nawalan ng gana sa pagkain at pumapayat."
Typhoid,"Patuloy na pagtatae at paminsang pagsusuka, kasabay ng pananakit ng tiyan at labis na pagod. Nawalan ako ng gana kumain at napapayat."
Typhoid,"Matinding pananakit ng tiyan at paminsang pagsusuka, kasabay ng banayad na lagnat tuwing gabi. Palaging mahina at labis ang pagod."
Typhoid,"Tuwing gabi, nilalagnat ako at nanginginig, kasabay ng paminsang pagsusuka at pagtatae. Nawalan ako ng gana kumain at pakiramdam ko ay dehydrated."
Typhoid,"Pagtitibi at pagtatae, sinamahan ng pananakit ng tiyan at paminsang pagsusuka. Palaging pagod at mahina sa buong araw."
Typhoid,"Bahagyang lagnat sa gabi, paminsang panginginig, at patuloy na pananakit ng tiyan. Nawalan ng gana sa pagkain at napapayat."
Typhoid,"Madalas na paminsang pagsusuka at pagtatae, kasabay ng matinding pananakit ng tiyan at labis na panghihina."
Typhoid,"Patuloy ang matinding pananakit ng tiyan, paminsang pagsusuka, at pagtitibi. Nawalan ako ng gana kumain at labis ang pagod sa buong araw."
Impetigo,Nakaranas po ako ng pantal sa aking mukha at leeg. Ang pantal ay binubuo ng mga pulang sugat na may paltos. Nag-aalala po ako tungkol sa aking kalusugan.
Impetigo,"Nakaranas po ako ng pantal na binubuo ng mga sugat na may paltos. Ang mga sugat na may paltos ay namamaga, may lamang likido, at masakit kapag nahahawakan. Nakakaranas rin po ako ng mataas na lagnat."
Impetigo,Nakakaranas po ako ng mataas na lagnat. May mga pulang sugat na lumilitaw malapit sa aking ilong. Ang mga sugat ay masakit at may lumalabas na dilaw na may kalawang na likido mula sa mga ito.
Impetigo,"Sa bandang parte po ng ilong ko may mga pantal po tapos sa paligid ng ilong ko rin po may mga pulang malalaki na sugat. Mabilis din yung pagkalat nung mga pantal sa ibang bahagi ng katawan ko. Tapos pag gabi, bigla akong nilalagnat tapos ang taas pa ng lagnat ko."
Impetigo,Nakakaranas po ako ng mataas na lagnat sa nakalipas na ilang araw. May mga sugat na lumilitaw malapit sa aking ilong. Ang mga sugat ay masakit at labis po akong nakakaramdam ng hindi komportable nitong mga nakaraang araw.
Impetigo,"Nakaranas po ako ng pantal sa aking balat, lalo na sa paligid ng ilong. Ang pantal ay kumakalat na rin sa ibang bahagi ng aking katawan. Labis po akong nag-aalala tungkol dito."
Impetigo,Nakakaranas po ako ng matinding pagkapagod at mataas na lagnat. May mga pantal po sa paligid ng aking ilong at bibig. Ang pantal ay makati at nagpapahirap po sa akin na makatulog.
Impetigo,"Nakakaranas po ako ng matinding lagnat at panghihina. May mga sugat po ako sa aking mukha. Ang mga sugat ay makati at hindi komportable. Madalas, may dilaw na likido na lumalabas mula sa mga sugat."
Impetigo,"Napansin ko po na mas matagal nang gumagaling ang mga sugat at mas madaling maimpeksyon. Ang mga sugat sa aking mukha ay namamaga, masakit kapag hinahawakan, at labis na hindi komportable."
Impetigo,May mga pulang sugat po sa aking mukha at malapit sa aking ilong. Napansin ko po na mas mabilis kumalat ang pantal sa aking leeg at dibdib.
Impetigo,"Ang mga sugat sa paligid ng aking ilong ay naging natutuyo at mahirap hawakan. Dati, may dilaw na may kalawang na likido na lumalabas mula sa mga sugat. Mas matagal na po ngayon bago ito gumaling."
Impetigo,"Nakaranas po ako ng kaunting pantal malapit sa aking ilong ilang araw na ang nakalipas. Ngayon, ang pantal ay sinamahan ng pakiramdam ng pagkasunog at pamumula ng balat. Pakiramdam ko po ay maaaring ito ay isang impeksyon."
Impetigo,"Sa simula, nakaranas po ako ng maliliit na pulang sugat malapit sa aking ilong at leeg. Ngayon, nakakaranas po ako ng mataas na lagnat at ang mga sugat ay mas masakit at namamaga sa nakalipas na ilang araw."
Impetigo,"Napansin ko po ang pantal sa aking mukha. Ito ay binubuo ng sugat na may paltos. Ngayon, napansin ko po na may lumalabas na dilaw na likido mula sa mga sugat, at hindi ko po sigurado kung ano ito."
Impetigo,"Ang mga sugat sa aking mukha ay nagsisimulang maglabas ng malinaw na likido. Bukod pa rito, tuwing gabi ay nakakaranas po ako ng mataas na lagnat at panginginig, kaya hindi po ako makatulog sa buong gabi."
Impetigo,"Sa simula, nakaranas po ako ng pantal sa aking mukha at malapit sa aking ilong. Ngayon, kumakalat na po ang pantal pababa sa aking mga braso at binti."
Impetigo,"Nakakaranas po ako ng mataas na lagnat tuwing gabi at nakaranas ng mga sugat sa aking mukha, lalo na malapit sa aking ilong. Napansin ko po na mas matagal nang gumagaling ang mga sugat at mas madaling maimpeksyon."
Impetigo,"Ang mga sugat sa paligid ng aking ilong ay napapalibutan na ng pulang, namamagang balat. Dahil sa pantal, ang aking balat ay naging tuyot at nagkakaliskis, at may nakikitang dilaw na likido na lumalabas mula sa mga sugat."
Impetigo,"Nakakaranas rin po ako ng mga sintomas na parang trangkaso, tulad ng lagnat at pananakit ng katawan. Napansin ko po ang mga pulang pantal at sugat na may paltos malapit sa aking ilong at labi. Ang mga ito ay makati at hindi komportable."
Impetigo,Nakakaranas po ako ng bahagyang lagnat at pananakit ng ulo. May maliliit na sugat malapit sa aking ilong at pantal sa aking leeg. Dumadaan po ako sa napakahirap na kalagayan ngayon.
Impetigo,"May pantal po ako, lalo na sa paligid ng aking ilong, na may malalaking pulang sugat na masakit at may lumalabas na dilaw na may kalawang na likido mula sa mga ito."
Impetigo,"May mga sugat po sa aking mukha, karamihan malapit sa aking ilong at labi. Ang mga sugat ay nagdudulot po ng hindi komportable o pananakit, at may lumalabas na dilaw o kalawang na likido mula sa mga ito."
Impetigo,"Nakakaranas po ako ng mga sugat sa aking mukha at paligid ng ilong. Hindi ko po alam ang sanhi nito. Ang mga sugat sa aking mukha ay namamaga at masakit kapag hinahawakan, at may kasamang pakiramdam ng pagkasunog at pamumula ng balat."
Impetigo,"Ang pantal sa aking mukha ay naging mas masakit at namamaga sa nakalipas na ilang araw, at ang mga sugat ay nagsisimulang maglabas ng malinaw na likido. Lalong lumalala ang pananakit nito bawat araw."
Impetigo,"Mayroon akong mga pantal sa mukha, at unti-unti ay lumilitaw ang maliliit na sugat sa paligid ng ilong ko. Minsan ay may lumalabas na dilaw na likido mula sa mga sugat, at unti-unting lumalala ang sakit na nararamdaman ko sa mga ito. Kapag hinawakan o nalalantad sa hangin, lalong tumitindi ang kirot at paminsan-minsan ay nahihirapan akong humarap sa araw o maghilom ang mga sugat."
Impetigo,"Nakakaramdam po ako ng labis na karamdaman. Nakakaranas po ako ng mataas na lagnat at pananakit ng ulo. Napansin ko po ang mga pantal sa aking mga braso at mukha. Labis po akong nag-aalala tungkol dito. Ngayon, napansin ko po ang mga pulang sugat malapit sa aking ilong."
Impetigo,"Nakakaranas po ako ng mataas na lagnat sa nakalipas na ilang araw. May mga sugat na nabubuo sa paligid ng aking ilong at may mga pantal sa iba't ibang bahagi ng aking katawan. Malubha po ang mga sugat, at labis po akong nakakaramdam ng hindi komportable nitong mga nakaraang araw."
Impetigo,Nakakaranas po ako ng mataas na lagnat at labis na panghihina. May mga sugat po sa aking mukha. Ang mga paltos ay makati at masakit. Madalas po ay may lumalabas na dilaw na likido mula sa mga sugat.
Impetigo,"Nakakaranas po ako ng pantal na may masakit na sugat. Ang mga sugat na may paltos ay may lamang likido, namamaga, pulang mga sugat, at hindi komportable kapag nahahawakan. Nakakaranas rin po ako ng mataas na lagnat."
Impetigo,"Naniniwala po ako na may sakit sa balat ako. May mga pantal po sa aking mukha at maliliit na sugat malapit sa aking ilong. Ang mga sugat ay namumula, masakit, at may lumalabas na dilaw na likido mula sa mga ito."
Impetigo,"Napansin ko po na mas mabagal gumaling ang mga sugat sa aking mukha at mas madaling maimpeksyon. Ang mga sugat sa aking pisngi ay malalaki, masakit kapag hinahawakan, at labis na mahirap pangalagaan. Hindi ko po maalis ang mga sugat na ito."
Impetigo,"Nakakaranas po ako ng mataas na lagnat. May pantal po ako sa aking mukha, leeg, at mga braso. Ang pantal ay binubuo ng mga masakit at pulang sugat. Nag-aalala po ako tungkol sa aking kalusugan."
Impetigo,"Nakakaranas po ako ng pantal na may sugat na may paltos. Ang mga sugat na may paltos ay may lamang likido, namamaga, at hindi komportable kapag hinahawakan. Nakakaranas rin po ako ng mataas na lagnat."
Impetigo,"Nakakaranas po ako ng mataas na temperatura. Malapit sa aking ilong, may mga pulang sugat na nabubuo. Ang mga sugat ay masakit, at may lumalabas na dilaw na may kalawang na likido mula sa mga ito."
Impetigo,"May pantal po ako sa paligid ng aking ilong, pati na rin ng malalaking pulang sugat. Napansin ko po na kumakalat ang pantal sa ibang bahagi ng aking katawan. Bukod pa rito, nakakaranas po ako ng mataas na temperatura tuwing gabi."
Impetigo,Ang aking pisngi at ilong ay may mga pulang sugat. Napansin ko po na mas mabilis kumakalat ang pantal sa aking leeg at dibdib. Nagsisimula rin po akong magkaroon ng bahagyang lagnat.
Impetigo,"Ang mga sugat sa aking ilong ay natuyo at naging mahirap hawakan. Dati, may lumalabas na dilaw na may kalawang na likido mula sa mga sugat. Mas matagal po ngayon bago gumaling gamit ang gamot."
Impetigo,"Ilang araw na ang nakalipas, nakaranas po ako ng maliit na pantal sa paligid ng aking ilong. Ngayon, sinamahan na ito ng pakiramdam ng pagkasunog, pamumula ng balat, at paglabas ng likido. Naniniwala po ako na ito ay isang uri ng impeksyon."
Impetigo,"Sa simula, lumitaw ang maliliit na pulang sugat malapit sa aking ilong at leeg. Ngayon, nakakaranas po ako ng mataas na temperatura, at ang mga sugat ay mas masakit at namamaga sa mga nakaraang araw."
Impetigo,"Nakaranas po ako ng pantal sa paligid ng aking ilong at labi, na may malalaking pulang sugat na masakit at may lumalabas na dilaw na may kalawang na likido."
Impetigo,"Ang aking mukha ay may mga sugat. Karamihan po sa mga ito ay malapit sa aking ilong at labi. Ang mga sugat ay nagdudulot ng hindi komportable o pananakit, at may lumalabas na dilaw o kalawang na likido mula sa mga ito."
Impetigo,"Nagsimula po akong magkaroon ng mga sugat sa aking mukha at ilong. Wala po akong ideya kung ano ang sanhi nito. Ang mga sugat sa aking pisngi ay malalaki at nakakairita kapag hinahawakan, at may kasamang pakiramdam ng pagkasunog at pamumula ng balat."
Impetigo,"Sa nakalipas na dalawang araw, ang pantal sa aking mukha ay naging mas malala at namamaga, at ang mga paltos ay nagsimulang maglabas ng malinaw na nana. Talagang masakit po itong harapin."
Impetigo,"Pakiramdam ko po ay may kondisyon sa balat ako. May mga pantal at maliliit na paltos sa paligid ng aking ilong. Ang mga sugat ay namumula at masakit, at may lumalabas na dilaw na likido mula sa mga ito."
Impetigo,"Napansin ko po na mas mabagal gumaling ang mga sugat sa aking mukha at mas madaling maimpeksyon. Ang mga sugat sa aking pisngi ay malalaki, hindi komportable kapag hinahawakan, at napakahirap gamutin. Hindi ko po maalis ang mga sugat na ito."
Impetigo,"Nakakaranas po ako ng mataas na temperatura. May pantal po ako sa aking mukha, leeg, at mga braso. Ang pantal ay binubuo ng masakit na pulang mga sugat. Nag-aalala po ako tungkol sa aking kalusugan."
Impetigo,"Sa nakalipas na isang linggo, ang pantal sa aking mukha ay naging mas malala at masakit, at ang mga sugat ay nagsimulang maglabas ng dilaw na likido. Lalong lumalala ang pananakit nito bawat araw."
Impetigo,"May pantal po ako sa aking mukha. Nagsisimula rin po akong magkaroon ng maliliit na sugat sa paligid ng aking ilong, at madalas lumalabas ang dilaw na likido mula sa mga ito. Mas masakit na po ang mga sugat."
Impetigo,"Nakakaramdam po ako ng labis na karamdaman. Nakakaranas po ako ng mataas na lagnat at pananakit ng ulo. May mga pantal po sa aking mga braso at mukha. Labis po akong nag-aalala tungkol dito. Ngayon, napansin ko po ang mga pulang sugat sa paligid ng aking ilong at labi."
Impetigo,"Hindi gumagaling ang mga pantal sa aking mukha. Sinubukan ko po ang ilang gamot ngunit hindi gaanong nakakatulong. Kamakailan, napansin ko po ang maliliit na sugat malapit sa aking ilong. Masakit po ang mga ito at napakahirap pangalagaan."
Impetigo,"Nakakaranas po ako ng erythematous vesicles sa paligid ng ilong at bibig, na may kasamang exudate."
Impetigo,Mayroon po akong mga papular lesion sa pisngi na paminsan-minsan ay may crusting ng dilaw na likido.
Impetigo,"Napansin ko po ang pustular eruptions sa aking balat, na sanhi ng pamamaga at pangangati."
Impetigo,Ang balat sa paligid ng aking ilong ay namumula at may superficial pustules na masakit kapag hinahawakan.
Impetigo,Nakakaranas po ako ng pruritic lesions sa aking mukha na kumakalat sa leeg at dibdib.
Impetigo,May mga maliliit na sugat sa paligid ng ilong ko na paminsan-minsan ay may lumalabas na dilaw na likido.
Impetigo,"Napapansin ko na mas matagal nang gumagaling ang mga pantal sa pisngi ko, at madalas may nana o â€œscabâ€ na tumutubo."
Impetigo,Ang mga paltos sa aking mukha ay makati at paminsan-minsan ay sumasakit kapag nadidikit sa damit o kamay.
Impetigo,Kumakalat po ang maliliit na red bumps ko sa paligid ng ilong at minsan sa leeg.
Impetigo,Napansin kong nagkakaroon ako ng blister-like lesions na mabilis pumutok at may lumalabas na likido.
Impetigo,"Grabe, parang may sugat sa ilong ko na may yellow na fluid, ang sakit kapag nahahawakan!"
Impetigo,"Parang may paltos sa pisngi ko, parang hindi gumagaling at may luto-lutong likido na lumalabas."
Impetigo,"May maliit na pulang bump sa paligid ng ilong ko, nagkakalat na rin sa braso ko."
Impetigo,"Ang balat ko sa ilong, paminsan-minsan parang nagpuputok at may likidong parang nana."
Impetigo,"Makati at namumula yung mga sugat ko sa mukha, at may yellow scabs na lumalabas."
Impetigo,May localized pustular rash ako sa pisngi at ilong na may kasamang pamamaga at discomfort.
Impetigo,"Napapansin ko na humihilab ang paligid ng sugat, may nakikitang dilaw o rusty-colored discharge."
Impetigo,Ang mga paltos sa paligid ng ilong at labi ko ay mababaw lang naman pero napakasakit kapag nahahawakan.
Impetigo,Nakakaranas ako ng mababang lagnat tuwing gabi habang lumalala ang mga sugat sa pisngi at leeg.
Impetigo,"Yung balat sa paligid ng ilong ko, parang nagsusugat at nagkakaliskis, at may mga pustules na may likido."
Impetigo,May maliliit na pula sa paligid ng ilong ko na paminsan-minsan ay may lumalabas na dilaw na likido.
Impetigo,Ang balat ko sa pisngi ay makati at may mga paltos na parang napapaso.
Impetigo,May nana sa paligid ng sugat sa mukha ko at paminsan-minsan ay sumasakit.
Impetigo,Napapansin ko na unti-unting kumakalat ang pamumula sa pisngi at leeg.
Impetigo,May mga maliliit na sugat na parang paltos sa labi ko na makati at masakit.
Impetigo,Ang balat sa paligid ng ilong ko ay namumula at nagkakaliskis.
Impetigo,Kumakalat ang mga maliliit na paltos sa braso at mukha ko.
Impetigo,"Paminsan-minsan, parang may init sa paligid ng mga sugat sa aking mukha."
Impetigo,Ang mga paltos sa pisngi ko ay madaling maputok at may lumalabas na malagkit na likido.
Impetigo,Napapansin ko na matagal gumaling ang mga sugat sa paligid ng ilong ko.
Impetigo,Ang balat sa paligid ng labi at ilong ay namumula at may nana.
Impetigo,May mga butlig sa pisngi ko na masakit kapag nahahawakan.
Impetigo,Ang mga sugat sa aking mukha ay parang sinusunog tuwing nakakadikit sa damit.
Impetigo,Napapansin ko na may maliliit na paltos na nagiging masakit kapag nagkakalat.
Impetigo,Ang balat sa paligid ng ilong ay nagiging matigas at tuyo.
Impetigo,Paminsan-minsan ay may lumilitaw na yellowish na likido mula sa paltos.
Impetigo,Kumakalat ang mga sugat mula sa ilong papunta sa pisngi at leeg.
Impetigo,Ang balat sa paligid ng sugat ay makati at namumula tuwing gabi.
Impetigo,May maliliit na sugat sa mukha ko na mabilis maputok at nag-iiwan ng nana.
Impetigo,"Paminsan-minsan, parang nasusunog ang balat sa paligid ng ilong ko."
Impetigo,Napapansin ko na mas matagal nang gumagaling ang mga sugat at may lumalabas na dilaw na likido.
Impetigo,Ang balat sa paligid ng ilong at labi ay kumakalat ang pamumula at masakit.
Impetigo,May lumilitaw na nana sa paligid ng mga paltos tuwing gabi.
Impetigo,Ang mga maliliit na sugat sa pisngi ko ay masakit kapag nadidikit sa damit o kamay.
Impetigo,Ang balat sa paligid ng sugat ay namumula at parang may maliit na paltos na lumalabas.
Impetigo,Kumakalat ang pamumula at paltos mula sa ilong hanggang sa pisngi at leeg.
Impetigo,Ang mga sugat sa pisngi at ilong ay tuyo at may lumalabas na malagkit na likido.
Impetigo,"Paminsan-minsan, parang may init at pananakit sa balat sa paligid ng sugat."
Impetigo,May maliliit na paltos sa paligid ng ilong ko na mabilis kumalat sa mukha.
Impetigo,Ang mga sugat sa mukha ko ay nagiging mas makati at namumula tuwing gabi.
Impetigo,Napapansin ko na nagkakaroon ako ng nana sa mga maliliit na sugat.
Impetigo,Ang mga paltos sa pisngi ko ay masakit at madaling maputok.
Impetigo,Ang balat sa paligid ng sugat ay nagiging tuyo at nagkakaliskis.
Impetigo,Kumakalat ang pamumula at pamamaga mula sa ilong papunta sa pisngi at labi.
Impetigo,"Paminsan-minsan, may lumilitaw na dilaw na crust sa ibabaw ng sugat."
Impetigo,Ang mga paltos sa paligid ng ilong ay parang sinusunog kapag hinahawakan.
Impetigo,May mga maliliit na sugat sa pisngi ko na may lumalabas na malagkit na likido.
Impetigo,Napapansin ko na mas matagal nang gumagaling ang mga sugat sa mukha.
Impetigo,Kumakalat ang mga paltos mula sa ilong papunta sa leeg at dibdib.
Impetigo,Ang balat sa paligid ng ilong at labi ay makati at namamaga.
Dengue,Nakakaranas ako ng matinding pananakit ng mga kasu-kasuan at pagsusuka. Nagkaroon din ako ng pantal sa balat na kumalat sa buong katawan at may kasamang matinding pangangati.
Dengue,Nakakaranas ako ng panginginig at giniginaw kahit nasa mainit na lugar. Lagi ring sumasakit ang aking likod at may mga pulang batik sa aking mga braso.
Dengue,Nakakaramdam ako ng matinding pananakit ng mga kasu-kasuan na nagpapahirap sa aking kumilos at gumawa ng mga pang-araw-araw na gawain. Nawalan din ako ng gana kumain kaya nakakaramdam ako ng panghihina.
Dengue,Madalas akong sumusuka at nawalan na rin ako ng gana kumain dahil dito. Palagi ring sumasakit ang aking mga kasu-kasuan at likod
Dengue,Mayroon akong mataas na lagnat na may kasamang matinding sakit ng ulo at pananakit ng katawan. Nakakaranas din ako ng panginginig tuwing gabi. May malinaw ding kirot sa likod ng aking mga mata.
Dengue,Pakiramdam ko ay sobrang pagod at walang lakas para gumawa ng kahit ano. Nagkaroon din ako ng mga pantal sa leeg na nangangati kapag nahahawakan.
Dengue,Nakakaranas ako ng matinding sakit ng ulo na may kasamang kirot sa likod ng aking mga mata. Nawalan ako ng gana kumain at giniginaw ako tuwing gabi.
Dengue,Nakakaramdam ako ng pagsusuka at palaging gustong sumuka. May matinding sakit sa likod ng aking mga mata at may maliliit na pulang batik sa aking mga braso.
Dengue,Nagkaroon ako ng mga pulang batik sa katawan na makati at namamaga. Mayroon din akong mataas na lagnat na may kasamang panginginig at giniginaw.
Dengue,Nakakaranas ako ng pananakit ng mga kalamnan na nagpapahirap sa aking pagkilos. Nawalan ako ng gana kumain at pakiramdam ko ay susuka ako. Malakas din ang pananakit ng aking mga binti at likod.
Dengue,Nakakaranas ako ng pananakit ng likod na lumalala kapag matagal akong nakaupo o nakatayo. Mayroon din akong mga pantal sa buong katawan. May kirot din sa likod ng aking mga mata.
Dengue,Ang mga pantal na lumabas sa aking balat ay may kasamang pamumula at pamamaga. Hindi maganda ang aking pakiramdam dahil may matinding lagnat ako na may kasamang pananakit ng katawan.
Dengue,Ang panginginig at ginaw na nararanasan ko ay may kasamang pakiramdam ng sobrang lamig at mataas na lagnat. Nagkaroon din ako ng mga pantal sa aking mga braso at mga pulang batik sa leeg.
Dengue,Ang pananakit ng mga kasu-kasuan ko ay matindi at parang palaging nananakit. Madalas din akong sumakit ang ulo at nagsisimula akong magkaroon ng bahagyang lagnat na may kasamang panginginig.
Dengue,Ang pagsusuka na nararanasan ko ay may kasamang pananakit ng tiyan at pagkahilo. Nawalan ako ng gana kumain at nakararamdam ng panghihina. May kirot din sa likod ng aking mga mata.
Dengue,Ang mataas na lagnat na nararanasan ko ay may kasamang pagpapawis at panghihina. Masakit ang aking mga kalamnan kaya hindi ako makapagtrabaho nang buong araw.
Dengue,"Matindi ang pagod na aking nararamdaman at nahihirapan akong gawin kahit mga simpleng gawain. Nakakaramdam ako ng pagsusuka at nagkaroon ng mga pantal sa aking mga braso, leeg, at binti."
Dengue,Ang matinding sakit ng ulo na nararanasan ko ay may kasamang pakiramdam ng bigat o pressure sa aking ulo. Mayroon din akong bahagyang lagnat na kasabay ng sakit ng ulo. May maliliit na pulang batik sa aking likod.
Dengue,Ang pagsusuka o pagkahilo na aking nararamdaman ay may kasamang kawalan ng gana kumain at hindi komportableng pakiramdam. May malinaw na kirot sa aking likod at pananakit ng mga kalamnan.
Dengue,Ang pananakit ng mga kalamnan ko ay matindi at parang palaging nananakit. May mga pulang batik sa buong katawan ko at ang pangangati ay nagdudulot ng labis na hindi komportableng pakiramdam.
Dengue,Nagkaroon ako ng pantal sa balat na kumalat sa buong katawan at may kasamang matinding pangangati. Masakit ang aking katawan at mayroon akong bahagyang lagnat na may kasamang sakit ng ulo at panginginig.
Dengue,"Nakakaranas ako ng matinding pananakit ng katawan, sakit ng ulo, at pagsusuka. Nagkaroon ako ng mga pulang batik na kumalat sa buong katawan at nagdudulot ng matinding pangangati."
Dengue,"Palaging sumasakit ang aking likod, at may mga pantal sa aking mga braso at leeg. Malakas din ang sakit sa likod ng aking mga mata. Mayroon akong lagnat at nag-aalala ako tungkol sa aking kalusugan."
Dengue,Nakakaranas ako ng matinding pananakit ng mga kasu-kasuan na nagpapahirap sa aking paglalakad at paggawa ng mga pang-araw-araw na gawain. Nawalan din ako ng gana kumain kaya nakakaramdam ako ng panghihina at pagsusuka.
Dengue,"May palagiang sakit sa likod ng aking mga mata. Nagkaroon ako ng mga pulang batik sa leeg at mukha at mga pantal sa aking mga braso. Malakas ang pananakit ng aking mga braso at binti. Ang mga batik ay makati at nakakainis, at ito ay nakakapagpaalala sa akin."
Dengue,Masama ang aking pakiramdam at malakas ang pakiramdam na gusto kong sumuka. May matinding sakit sa likod ng aking mga mata at may namamagang pulang batik sa buong likod ko.
Dengue,Ang aking panginginig ay may kasamang pakiramdam ng sobrang lamig at napakataas na lagnat. Lumitaw din ang mga pantal sa aking mga braso at mga pulang patch sa aking leeg.
Dengue,"Nakakaranas ako ng matinding pananakit ng mga kasu-kasuan. Madalas kong nararamdaman ang pagsusuka, at nagkakaroon ako ng katamtamang lagnat na may kasamang panginginig. Ang lagnat ay hindi bumababa kahit uminom ng gamot."
Dengue,"Ang pagsusuka na nararanasan ko ay may kasunod na pananakit ng tiyan at pagkahilo. Nawalan ako ng gana kumain at dahil dito ay mahina ang aking pakiramdam. Madalas ding sumasakit ang aking mga braso, likod, at leeg."
Dengue,Nagkaroon ako ng mga pulang batik sa aking mga braso at binti na makati at namamaga. Nakakaramdam ako ng pagsusuka at palagi kong gustong sumuka. Kasama rin nito ang bahagyang lagnat.
Dengue,"Nagkaroon ako ng pantal sa balat na kumalat sa buong katawan. Ang mga pantal ay mapula at namamaga, at mas malala sa ilang bahagi gaya ng aking mga braso at binti. Nawalan din ako ng gana kumain."
Dengue,Nakakaranas ako ng panginginig at ginaw. Malakas ang pananakit ng aking likod at pati na rin sa likod ng aking mga mata. Napansin ko rin ang maliliit na pulang batik sa aking likod at leeg.
Dengue,Nakakaranas ako ng matinding pananakit ng mga kasu-kasuan na nagpapahirap sa aking araw. Palagi kong nararamdaman na gusto kong sumuka at may bahagyang sakit din ako ng ulo.
Dengue,Madalas akong sumusuka at nawalan ako ng gana kumain dahil dito. May mga pantal sa aking balat at sumasakit ang aking mga mata kaya hindi ako makatulog nang maayos.
Dengue,Mayroon akong mataas na lagnat na may kasamang matinding sakit ng ulo. Ang lagnat ay may kasamang matinding pananakit ng katawan at panginginig. Nag-aalala ako tungkol sa aking kalusugan at hindi ko alam ang aking gagawin.
Dengue,"Nakakaramdam ako ng matinding pagod at panghihina, at wala akong lakas na gawin ang anumang bagay. Sobrang tindi ng pagod na nahihirapan akong bumangon mula sa higaan. Napansin ko rin ang maliliit na pulang batik sa aking mga braso at binti."
Dengue,Nakakaranas ako ng matinding sakit ng ulo na may kasamang kirot sa likod ng aking mga mata. Nakakaramdam ako ng pagod at panghihina kaya hindi ako makapagtrabaho nang maghapon. Nag-aalala ako tungkol sa aking kalusugan.
Dengue,"Nakakaramdam ako ng pagkahilo at palaging gustong sumuka, na may kasamang bahagyang lagnat at sakit ng ulo."
Dengue,Nagkaroon ako ng mga pantal sa aking katawan na makati. Nawalan ako ng gana kumain at sobrang pagod ang nararamdaman ko buong araw. Pakiramdam ko ay may mali sa aking katawan.
Dengue,"Nakakaranas ako ng pananakit ng kalamnan at sakit ng ulo. Ang pananakit ng kalamnan ay parang palagiang kirot at lumalala kapag ginagamit ko ang mga apektadong kalamnan. May mga maliliit na pulang batik na lumalabas sa aking mukha, leeg, at mga braso."
Dengue,Masakit ang aking likod at may mga pantal ako sa aking mga braso at kili-kili. Malakas ang sakit sa likod ng aking mga mata. Mayroon din akong bahagyang lagnat na nagdudulot ng pag-aalala tungkol sa aking kalusugan.
Dengue,"Nakakaranas ako ng napakataas na lagnat at giniginaw tuwing gabi. Labis itong nakakaalarma sa akin. Bukod dito, wala akong ganang kumain at masakit ang aking likod, braso, at binti. May kakaibang sakit din sa likod ng aking mga mata. Hindi ako makagawa ng anumang pisikal na gawain."
Dengue,"Dahil sa madalas kong pagsusuka, nawalan ako ng gana kumain. Palagi ring sumasakit ang aking mga kalamnan, kasu-kasuan, at likod. Nagsisimula na rin akong magkaroon ng lagnat. Labis akong nag-aalala at hindi ko alam ang aking gagawin."
Dengue,Nakakaranas ako ng matinding lagnat na may kasamang sakit sa likod ng mga mata at sakit ng ulo. Nakakaramdam ako ng pagod at panghihina kaya hindi ako makapagtrabaho.
Dengue,Masakit ang buong katawan ko at wala akong ganang kumain. Mayroon akong bahagyang lagnat at giniginaw tuwing gabi. Mayroon ding mga pulang batik na lumalabas sa aking likod at leeg.
Dengue,"Araw-araw ay sumasakit ang aking mga kasu-kasuan at likod. Pakiramdam ko ay gusto kong sumuka at dahil dito, nanghihina ako. Dahil sa pananakit ng katawan, hindi ako makapagpokus sa trabaho at wala akong ganang gumawa ng kahit ano."
Dengue,Sobrang tindi ng pananakit ng aking katawan. Nawalan ako ng gana kumain at nagkaroon ng mga pantal sa aking mga braso at mukha. Malakas din ang sakit sa likod ng aking mga mata.
Dengue,"Nagkaroon ako ng mga pantal sa aking katawan. Nakakaranas din ako ng mataas na lagnat na may kasamang ginaw at sakit ng ulo. Masakit ang aking mga kasu-kasuan at likod, at may kakaibang sakit sa likod ng aking mga mata."
Dengue,Nakakaramdam ako ng pagkahilo at palaging gustong sumuka. Nagkakaroon ako ng mataas na lagnat at giniginaw tuwing gabi at labis akong nahihirapan dahil dito. Pakiramdam ko rin ay nawalan ako ng gana kumain.
Dengue,"May mga pantal sa aking balat na nangangati kapag nahahawakan. Hindi maganda ang aking pakiramdam dahil sumasakit ang aking mga kasu-kasuan buong araw. Sa gabi, nagkakaroon ako ng bahagyang lagnat at giniginaw, kaya hindi rin ako makatulog."
Dengue,Napakasakit ng joints ko at nagsusuka ako. Meron din akong pantal sa balat na kumalat sa katawan ko at napakakati.
Dengue,Nanginginig ako at giniginaw kahit mainit. Lagi ring sumasakit likod ko at may mga pula pula sa braso ko.
Dengue,Ang sakit ng joints ko kaya ang hirap kumilos at gumawa ng mga bagay bagay. Nawalan din ako ng gana kumain kaya nanghihina ako.
Dengue,Lagi akong nasusuka tapos nawalan ako ng gana kumain. Lagi ring sumasakit joints at likod ko.
Dengue,Ang taas ng lagnat ko tapos napakasakit din ng ulo pati katawan ko. Nanginginig din ako sa gabi. Nangingirot din likod ng mga mata ko.
Dengue,Pagod na pagod ako tapos wala akong lakas gumawa ng kahit ano. Meron din akong mga pantal sa leeg tapos ang kati pag hinahawakan.
Dengue,Napakasakit ng ulo ko tapos nangingirot likod ng mga mata ko. Nawalan ako ng gana kumain tapos giniginaw ako sa gabi.
Dengue,Parang gusto ko sumuka lagi. Napakasakit ng likod ng mga mata ko tapos may pula pula sa mga braso ko.
Dengue,May mga pulang marka sa katawan ko na makati tapos namamaga. Ang taas din ng lagnat ko tapos nanginginig ako pati giniginaw.
Dengue,Ang sakit ng muscles ko at nahihirapan ako kumilos. Nawalan ako ng gana kumain tapos nasusuka ako. Napakasakit din ng mga binti at likod ko.
Dengue,Ang sakit ng likod ko tapos lumalala siya pag nakaupo o nakatayo ako nang matagal. May mga pantal din ako sa buong katawan. Kumikirot din likod ng mga mata ko.
Dengue,Parang lagi akong nasusuka. Napakasakit ng bandang likod ng mga mata ko tapos may mga maliliit na pulang marka sa mga braso ko.
Dengue,Napansin kong meron akong mga pulang marka sa katawan ko tapos makati sila pati namamaga. Ang taas din ng lagnat ko tapos nanginginig ako pati giniginaw.
Dengue,Ang sakit ng mga muscle ko tapos nahihirapan ako kumilos. Nawalan ako ng gana kumain tapos parang susuka ako. Napakasakit din ng mga binti pati likod ko.
Dengue,May mga pantal sa balat ko tapos namumula siya pati namamaga. Hindi maganda pakiramdam ko kasi napakataas ng lagnat ko tapos ang sakit pa ng katawan ko.
Dengue,Nanginginig pati giniginaw ako tapos napakalamig at ang taas ng lagnat ko. May mga pantal din ako sa mga braso ko tapos pulang marka sa leeg.
Dengue,"Napakasakit ng joints ko, lagi siyang nananakit. Sumasakit din ulo ko lagi, parang magkakalagnat na ako, tapos nanginginig din ako."
Dengue,"Nasusuka ako, ang sakit ng tiyan ko, tapos nahihilo ako. Nawalan ako ng gana kumain tapos nanghihina ako. Kumikirot din likod ng mga mata ko."
Dengue,"Linalagnat ako, pinagpapawisan ako, tapos nanghihina ako. Ang sakit ng joints ko kaya hindi ako makapagtrabaho sa buong araw."
Dengue,"Pagod na pagod ako tapos nahihirapan ako gumawa ng kahit anong bagay kahit yung mga simple. Nasusuka ako taops may mga pantal sa braso, leeg, pati binti ko."
Dengue,Napakasakit ng ulo ko tapos parang ang bigat o may pressure sa ulo ko. Parang linalagnat din ako bukod pa sa sakit ng ulo ko. May mga maliliit na marka sa likod ko.
Dengue,Nasusuka ako at nahihilo. Nawalan ako ng gana kumain at parang ang bigat ng pakiramdam ko. Masakit ang likod ko at ang mga muscles ko lagi ring nananakit.
Dengue,"Matindi ang sakit ng muscles ko, parang hindi humihinto. May mga pulang marka sa buong katawan ko at sobrang kati nila kaya hindi ako mapakali."
Dengue,Nagkaroon ako ng mga pantal na kumalat sa buong katawan ko. Sobrang kati tapos masakit din ang katawan ko. May lagnat ako na may kasamang sakit ng ulo at nanginginig ako.
Dengue,"Sobrang sakit ng katawan ko, ang ulo ko, at lagi akong sumusuka. May mga pulang marka ako sa buong katawan at sobrang kati nila."
Dengue,Lagi sumasakit ang likod ko. May mga pantal ako sa mga braso at leeg. Ang sakit din ng likod ng mga mata ko. Nilalagnat ako kaya nag-aalala ako sa kalusugan ko.
Dengue,Sobrong sakit ng joints ko. Hirap akong maglakad at gumawa ng mga simpleng bagay. Nawalan ako ng gana kumain tapos parang susuka ako lagi at nanghihina ako.
Dengue,Lagi sumasakit ang likod ng mga mata ko. May mga pulang marka ako sa leeg at mukha pati mga pantal sa mga braso. Ang sakit ng mga braso at binti ko. Makati ang mga marka at nakakainis sila.
Dengue,Parang gusto kong sumuka palagi. Sobrang sakit sa likod ng mga mata ko. May mga pulang marka na namamaga sa likod ko.
Dengue,Nanginginig ako kahit napakalamig na ng pakiramdam ko. Ang taas ng lagnat ko. May mga pantal sa mga braso ko at may pulang marka sa leeg.
Dengue,Sobrang sakit ng joints ko. Lagi akong nasusuka at may lagnat ako na hindi bumababa kahit uminom ng gamot. Nanginginig din ako.
Dengue,"Lagi akong sumusuka at sumasakit ang tiyan ko. Nahihilo ako at nawalan ng gana kumain. Mahina ako. Sumasakit din ang mga braso, likod, at leeg ko."
Dengue,May mga pulang marka ako sa braso at binti. Namamaga sila at makati. Lagi rin akong nasusuka at parang gusto kong sumuka palagi. May lagnat din ako.
Dengue,"Nagkaroon ako ng pantal na kumalat sa buong katawan. Mapula at namamaga sila, lalo na sa mga braso at binti. Wala rin akong gana kumain."
Dengue,Nanginginig at giniginaw ako. Ang sakit ng likod ko at likod ng mga mata ko. May maliliit na pulang marka din ako sa likod at leeg.
Dengue,Sobrang sakit ng joints ko kaya hirap akong kumilos buong araw. Lagi kong nararamdaman na parang gusto kong sumuka. May sakit din ako ng ulo.
Dengue,Palagi akong sumusuka at nawalan ako ng gana kumain. May mga pantal ako sa balat at sumasakit ang mga mata ko kaya hindi ako makatulog.
Dengue,Ang taas ng lagnat ko at sobrang sakit ng ulo ko. Ang katawan ko masakit din at nanginginig ako. Nag-aalala ako kasi hindi ko alam gagawin ko.
Dengue,Pagod na pagod ako at wala akong lakas. Nahihirapan akong bumangon sa higaan. Napansin ko rin may mga pulang marka sa mga braso at binti ko.
Dengue,Sobrang sakit ng ulo ko at likod ng mga mata ko. Wala akong lakas at panghihina ang nararamdaman ko buong araw. Hindi ako makapagtrabaho.
Dengue,Nahihilo ako at parang gusto kong sumuka lagi. May lagnat ako at sumasakit din ang ulo ko.
Dengue,May mga pantal ako sa katawan na sobrang kati. Nawalan ako ng gana kumain at sobrang pagod ko buong araw. Parang may mali talaga sa katawan ko.
Dengue,"Sakit ng mga muscles ko at ulo ko. Ang kirot ng mga muscles ko parang hindi nawawala lalo kapag ginagamit ko sila. May mga pulang marka din sa mukha, leeg, at braso ko."
Dengue,Masakit ang likod ko. May mga pantal ako sa mga braso at kili-kili. Sakit din sa likod ng mga mata ko. May lagnat ako at nag-aalala ako sa kalusugan ko.
Dengue,"Napakataas ng lagnat ko at giniginaw ako gabi gabi. Nakakaalarma na. Wala akong gana kumain. Masakit ang likod, braso, at binti ko. Kumikirot din sa likod ng mga mata ko. Hindi ako makakilos ng maayos."
Dengue,"Dahil lagi akong sumusuka, nawalan ako ng gana kumain. Ang sakit ng mga muscles, joints, at likod ko. May lagnat na rin ako. Sobrang nag-aalala ako."
Dengue,Matindi ang lagnat ko. Sakit ng ulo ko at likod ng mga mata ko. Pagod at nanghihina ako kaya hindi ako makapagtrabaho.
Dengue,Masakit buong katawan ko at wala akong gana kumain. May lagnat ako at giniginaw tuwing gabi. May mga pulang marka sa likod at leeg ko.
Dengue,"Laging sumasakit ang joints at likod ko. Parang gusto kong sumuka palagi kaya nanghihina ako. Dahil sa sakit ng katawan, hindi ako makapagpokus sa trabaho."
Dengue,Sobrang sakit ng katawan ko. Nawalan ako ng gana kumain. May mga pantal ako sa mga braso at mukha. Ang sakit ng likod ng mga mata ko.
Dengue,Tumataas at bumababa yung lagnat ko sa loob ng ilang araw.
Dengue,"Napakasakit ng ulo ko, lalo na sa likod ng mga mata."
Dengue,Ilang araw na mataas lagnat ko.
Dengue,May mga maliliit na pula sa balat ko na parang pantal.
Dengue,Sumusuka ako minsan tapos minsan may dugo.
Dengue,Dumudugo agad mga gilagid ko kapag nagtu-toothbrush.
Dengue,Nanghihina ako sobra at nawawalan ng lakas.
Dengue,Namamaga pati masakit yung joints at muscles ko.
Dengue,"Sobrang bigat ng pakiramdam ng ulo ko, lalo na kapag tumingin ako sa maliwanag."
Dengue,May mga pasa ako sa balat kahit wala akong natatamaan.
Pneumonia,"Pakiramdam ko ay sobrang giniginaw at pagod nitong mga nakaraang araw, at madalas akong umuubo na may kasamang pananakit ng dibdib. Ang tibok ng puso ko ay sobrang bilis din, at kapag umuubo ako, kalawangin ang kulay ng plema ko."
Pneumonia,"Madalas akong umuubo nitong mga araw na may kasamang pananakit ng dibdib at matinding giniginaw at pagkapagod. Bukod pa rito, mabilis ang tibok ng puso ko at mapula ang kulay ng plema kong inilalabas."
Pneumonia,"Pakiramdam ko ay sobrang hina at giniginaw, at hindi ako tumitigil sa pag-ubo. Masakit ang dibdib ko kapag inuubo, at parang ang bilis ng tibok ng puso ko. Ang plemang inilalabas ko ay may pangit na kayumangging kulay."
Pneumonia,"Pagod na pagod at giniginaw ako, at hindi ako tumitigil sa pag-ubo. Kapag inuubo ako, sumasakit ang dibdib ko at bumibilis ang tibok ng puso ko. Ang plemang nilalabas ko ay may nakakadiring kayumangging kulay."
Pneumonia,"Nakakaramdam ako ng panginginig at sobrang pagod, at hindi mawala-wala ang ubo ko. Sumasakit ang dibdib ko kapag umuubo ako, at parang ang bilis ng tibok ng puso ko. Ang plemang nilalabas ko ay may maruming kulay kalawang."
Pneumonia,"Nakakaranas ako ng panginginig, sobrang pagod, at hindi mawala ang ubo ko. Kapag umuubo ako, sumasakit ang dibdib ko at parang napakabilis ng tibok ng puso ko. Nakakalabas ako ng plemang kulay kalawang na nakakadiri."
Pneumonia,"Pakiramdam ko ay sobrang mahina at giniginaw nitong mga nakaraang araw, at hindi mawala ang ubo ko. Sumasakit ang dibdib ko kapag umuubo at malakas ang tibok ng puso ko. Ang plemang inilalabas ko ay kulay kalawangin kayumanggi."
Pneumonia,"Nakakaramdam ako ng panginginig at sobrang pagod, at hindi mawala ang ubo ko. Sumasakit ang dibdib ko kapag umuubo ako at mabilis ang tibok ng puso ko. Ang plemang inilalabas ko ay may pangit na kayumangging kulay."
Pneumonia,"Nakakaranas ako ng panginginig, sobrang pagod, at hindi mawala ang ubo ko. Kapag umuubo ako, sumasakit ang dibdib ko at malakas ang tibok ng puso ko. Ang plemang lumalabas ay may nakakadiring kayumangging kulay."
Pneumonia,Mayroon akong napakataas na lagnat at nahihirapan akong huminga. Sobrang pagpapawis ko at pakiramdam ko ay giniginaw at pagod na pagod. Mabilis ang tibok ng puso ko at may plemang kayumanggi ang inilalabas ko.
Pneumonia,Nahihirapan akong huminga at may napakataas akong lagnat. Sobrang pagpapawis ko at nakakaranas ako ng matinding pagod at giniginaw. Mabilis ang tibok ng puso ko at umuubo ako ng plemang kayumanggi.
Pneumonia,Napakataas ng lagnat ko at nahihirapan akong huminga. Sobrang pagpapawis ko at nanginginig dahil sa ginaw. Sobrang pagod ko rin at mabilis ang tibok ng puso ko. May lumalabas din na kayumangging plema.
Pneumonia,Nahihirapan akong huminga at napakataas ng lagnat ko. Basang-basa ako sa pawis at nanginginig sa ginaw. Ang bilis ng tibok ng puso ko at sobrang pagod ko. Mayroon din akong kayumangging plema.
Pneumonia,"Napakataas ng lagnat ko at hirap akong makahinga. Sobrang pawis ko, giniginaw at pagod na pagod ako, at mabilis ang tibok ng puso ko. May lumalabas din na kayumangging plema."
Pneumonia,"Napakataas ng lagnat ko at nahihirapan akong huminga. Ang bilis ng tibok ng puso ko, sobrang pagpapawis ko, at giniginaw at pagod na pagod ako. May plemang kayumanggi rin akong nilalabas kapag umuubo."
Pneumonia,"Pakiramdam ko ay sobrang sakit ng katawan ko dahil sa mataas na lagnat, hirap sa paghinga, sobrang pawis, panginginig, at matinding pagkapagod. Mabilis ang tibok ng puso ko at umuubo ako ng maraming kayumangging plema."
Pneumonia,"Dahil sa mataas na lagnat, hirap sa paghinga, sobrang pawis, panginginig, at matinding pagkapagod, pakiramdam ko ay sobrang sama ng lagay ko. Umuubo ako ng maraming kayumangging plema at mabilis ang tibok ng puso ko."
Pneumonia,Hirap na hirap akong huminga at sobrang pagpapawis ko. Pakiramdam ko ay sobrang sama ng katawan ko at ang dami ng plema sa lalamunan ko. Masakit ang dibdib ko at mabilis ang tibok ng puso ko. Maitim at parang kalawang ang plemang nilalabas ko.
Pneumonia,Sobrang pagpapawis ko at hirap akong huminga. Pakiramdam ko ay sobrang sama ng katawan ko at puno ng plema ang lalamunan ko. Malakas ang tibok ng puso ko at masakit ang dibdib ko. Umuubo ako ng makapal na plemang parang kalawang ang kulay.
Pneumonia,Sobrang hirap akong huminga at hindi ako mapakali. Masama ang pakiramdam ko at sobrang pagpapawis ko. Masakit ang dibdib ko at marami akong plema sa lalamunan. Mabilis ang tibok ng puso ko at kakaiba ang kulay ng plemang nilalabas ko.
Pneumonia,Hindi ako makakuha ng sapat na hangin at sobrang pawis ko. Masama ang pakiramdam ko at puno ng plema ang lalamunan ko. Masakit ang dibdib ko at mabilis ang tibok ng puso ko. Mapula ang plemang nilalabas ko.
Pneumonia,Sobrang pagpapawis ko at hindi ako makahinga nang maayos. Puno ng plema ang lalamunan ko at masama ang pakiramdam ko. Malakas ang tibok ng puso ko at masakit ang dibdib ko. Umuubo ako ng mapulang plema.
Pneumonia,Hindi ako makahinga nang maayos at sobrang pagpapawis ko. Sobrang sama ng pakiramdam ko at puno ng plema ang lalamunan ko. Masakit ang dibdib ko at mabilis ang tibok ng puso ko. Dilaw ang plemang nilalabas ko kapag umuubo.
Pneumonia,Basang-basa ako sa pawis at hirap akong huminga. Puno ng plema ang lalamunan ko at sobrang sama ng pakiramdam ko. Malakas ang tibok ng puso ko at masakit ang dibdib ko. Umuubo ako ng kayumangging plema.
Pneumonia,Hirap akong huminga at hindi ako komportable. Sobrang pawis ko at puno ng plema ang lalamunan ko. Masakit ang dibdib ko at mabilis ang tibok ng puso ko. Kayumanggi ang plemang nilalabas ko.
Pneumonia,Nahihirapan akong huminga at hindi ako mapakali. Puno ng plema ang lalamunan ko at sobrang pagpapawis ko. Mabilis ang tibok ng puso ko at masakit ang dibdib ko. Mapula ang plemang nilalabas ko.
Pneumonia,Hindi ako makahinga nang maayos at sobrang pagpapawis ko. Sobrang sama ng pakiramdam ko at maraming plema sa lalamunan ko. Masakit ang dibdib ko at mabilis ang tibok ng puso ko. Kayumanggi at malapot ang plemang nilalabas ko.
Pneumonia,Basang-basa ako sa pawis at hirap akong huminga. Puno ng plema ang lalamunan ko at sobrang sama ng pakiramdam ko. Malakas ang tibok ng puso ko at masakit ang dibdib ko. Umuubo ako ng malapot at kayumangging plema.
Pneumonia,Basang-basa ako sa pawis at hirap akong huminga. Masama ang pakiramdam ko at maraming plema sa lalamunan ko. Masakit ang dibdib ko at mabilis ang tibok ng puso ko. Mapulang plema ang nilalabas ko.
Pneumonia,"Sobrang sama ng pakiramdam ko dahil sa mataas na lagnat, hirap sa paghinga, sobrang pawis, panginginig, at matinding pagkapagod. Mabilis ang tibok ng puso ko at umuubo ako ng maraming kayumangging plema."
Pneumonia,"Napakataas ng lagnat ko at nahihirapan akong huminga. Mabilis ang tibok ng puso ko, sobrang pagpapawis ko, at giniginaw at pagod na pagod ako. May lalabas din akong kayumangging plema kapag umuubo."
Pneumonia,Napakataas ng lagnat ko at hirap akong huminga. Basang-basa ako sa pawis at nanginginig sa ginaw. Pagod na pagod ako at mabilis ang tibok ng puso ko. May lalabas din akong kayumangging plema.
Pneumonia,"Palagi akong giniginaw, nanginginig, at nagkaka-kombulsyon, pagod na pagod, at hindi mawala-wala ang ubo ko. Masakit ang dibdib ko at pakiramdam ko ay sobrang bilis ng tibok ng puso ko tuwing umuubo ako. Umuubo ako ng mabahong plemang kulay kalawang."
Pneumonia,Hirap akong huminga at sobrang hindi komportable. Sobrang pawis ko at maraming plema sa lalamunan ko. Masakit ang dibdib ko at mabilis ang tibok ng puso ko. Kayumanggi ang plemang nilalabas ko.
Pneumonia,Nahihirapan akong huminga at sobrang hindi komportable. Sobrang pagpapawis ko at maraming plema sa lalamunan ko. Masakit ang dibdib ko at mabilis ang tibok ng puso ko. Maitim na plema ang nilalabas ko.
Pneumonia,Mataas ang lagnat ko at hirap akong makahinga. Sobrang pagpapawis ko at pakiramdam ko ay sobrang sama at mahina ang katawan ko. May makapal at itim din akong plema. Masakit ang dibdib ko at mabilis ang tibok ng puso ko.
Pneumonia,"Kamakailan ay nakakaranas ako ng panginginig, pagkapagod, ubo, mataas na lagnat, at hirap sa paghinga. Sobrang pagpapawis ko at pakiramdam ko ay sobrang sama at mahina ang katawan ko. May plema rin akong makapal at maitim ang kulay."
Pneumonia,"Kamakailan ay nakakaranas ako ng panginginig, panghihina, ubo, mataas na lagnat, at hirap sa paghinga. Sobrang pagpapawis ko at pakiramdam ko ay sobrang sama at mahina ang katawan ko. May makapal at maitim din akong plema."
Pneumonia,"Kamakailan ay nakakaranas ako ng panginginig, pagod, ubo, mataas na lagnat, at hirap sa paghinga. Sobrang pagpapawis ko at pakiramdam ko ay sobrang sama at mahina ang katawan ko. May plema rin akong makapal at maitim ang kulay."
Pneumonia,"Kamakailan ay nakararanas ako ng panginginig, matinding panghihina, ubo, mataas na lagnat, at hirap sa paghinga. Sobrang pagpapawis ko at pakiramdam ko ay may sakit at mahina. May makapal at mapulang plema rin akong nilalabas."
Pneumonia,"Nung nakaraan nakakaranas ako ng panginginig, matinding panghihina, ubo, mataas na lagnat, at hirap sa paghinga. Sobrang pagpapawis ko at pakiramdam ko ay may sakit at mahina. May makapal at maitim na plema rin akong nilalabas."
Pneumonia,"Kamakailan ay marami akong nararamdamang problema sa paghinga kasama ng panginginig, matinding pagod, ubo, at mataas na lagnat. Sobrang pagpapawis ko at pakiramdam ko ay may sakit at mahina. Masakit ang dibdib ko at mabilis na tumitibok ang puso ko."
Pneumonia,"Kamakailan ay nakakaranas ako ng panginginig, pagkapagod, at ubo. Sobra akong pinagpapawisan at pakiramdam ko ay may sakit at mahina. May makapal at maitim na plema rin ako. Masakit ang dibdib ko at mabilis ang tibok ng puso ko."
Pneumonia,May lagnat ako at nahihirapan akong huminga. Sobra akong pinagpapawisan at pakiramdam ko ay mahina at may sakit. May makapal at maitim na plema rin ako. Mabilis ang tibok ng puso ko at masakit ang dibdib ko.
Pneumonia,Basang-basa ako sa pawis at hirap akong huminga. Barado ng plema ang lalamunan ko at sobrang sama ng pakiramdam ko. Mabilis ang tibok ng puso ko at masakit ang dibdib ko. Umuubo ako ng kayumangging malagkit na plema.
Pneumonia,Sobrang pawis ko at nahihirapan akong huminga. Barado ng plema ang lalamunan ko at hindi ako komportable. Mabilis ang tibok ng puso ko at masakit ang dibdib ko. Umuubo ako ng madilim na malagkit na plema.
Pneumonia,Marami akong problema sa paghinga. Hindi maganda ang pakiramdam ko at sobra akong pinagpapawisan. Maraming plema sa lalamunan ko at masakit ang dibdib ko. Mabigat ang paghinga ko at kakaiba ang kulay ng plema na nilalabas ko.
Pneumonia,Hirap na hirap akong huminga. Hindi maganda ang pakiramdam ko at sobra akong pinagpapawisan. Masakit ang dibdib ko at maraming plema sa lalamunan ko. Nahihirapan akong huminga at kakaiba ang kulay ng plema na nilalabas ko.
Pneumonia,Madalas akong umuubo at sobrang nilalamig at pagod. Mataas ang lagnat ko at nahihirapan akong huminga. Sobra akong pinagpapawisan at pakiramdam ko ay mahina at may sakit. May makapal at maitim na plema rin ako.
Pneumonia,"Kamakailan ay nakaranas ako ng panginginig, sobrang pagod, ubo, mataas na lagnat, at hirap sa paghinga. Sobra akong pinagpapawisan at pakiramdam ko ay mahina at may sakit. May makapal at maitim na plema rin ako. Mabilis din ang tibok ng puso ko."
Pneumonia,Pakiramdam ko sobrang giniginaw ako at pagod na pagod nitong mga araw. Madalas akong umuubo at masakit ang dibdib ko tuwing inuubo ako. Ang bilis din ng tibok ng puso ko at kalawangin ang kulay ng plema ko.
Pneumonia,Madalas akong umuubo at masakit ang dibdib ko kapag inuubo. Sobrang giniginaw at pagod na pagod ako. Ang bilis ng tibok ng puso ko at mapula ang plemang nilalabas ko.
Pneumonia,Sobrang hina at giniginaw ako at hindi tumitigil ang ubo ko. Masakit ang dibdib ko tuwing inuubo ako at parang ang lakas ng tibok ng puso ko. Ang plemang lumalabas ay kayumangging kulay.
Pneumonia,Pagod na pagod ako at giniginaw. Hindi mawala ang ubo ko at masakit ang dibdib ko tuwing inuubo ako. Bumibilis din ang tibok ng puso ko at lumalabas ang plemang parang kalawang ang kulay.
Pneumonia,Nanginginig ako at sobrang pagod. Hindi nawawala ang ubo ko at masakit ang dibdib ko kapag inuubo ako. Ang bilis ng tibok ng puso ko at may plemang maruming kulay kalawang.
Pneumonia,Nanginginig ako at pagod na pagod. Hindi nawawala ang ubo ko at sumasakit ang dibdib ko tuwing inuubo ako. Mabilis ang tibok ng puso ko at lumalabas ang plemang kulay kalawang na nakakadiri.
Pneumonia,Pakiramdam ko sobrang hina ko at giniginaw nitong mga araw. Hindi nawawala ang ubo ko at masakit ang dibdib ko tuwing inuubo ako. Malakas ang tibok ng puso ko at kulay kalawangin ang plema.
Pneumonia,Nanginginig ako at pagod na pagod nitong mga araw. Hindi nawawala ang ubo ko at sumasakit ang dibdib ko kapag inuubo ako. Ang tibok ng puso ko ay mabilis at may pangit na kayumangging plema.
Pneumonia,Nanginginig ako at sobrang pagod. Hindi mawala ang ubo ko at masakit ang dibdib ko kapag inuubo ako. Mabilis ang tibok ng puso ko at may kayumangging plema na nakakadiri.
Pneumonia,Ang taas ng lagnat ko at hirap akong huminga. Sobrang pawis ko at giniginaw at pagod na pagod. Mabilis ang tibok ng puso ko at kayumanggi ang plemang lumalabas.
Pneumonia,"Nahihirapan ako huminga tapos ang taas ng lagnat ko. Basang-basa ako sa pawis, pagod na pagod ako, tapos giniginaw. Ang bilis ng tibok ng puso ko at may brown na plemang lumalabas."
Pneumonia,Ang taas ng lagnat ko at hirap akong huminga. Basang-basa ako sa pawis at nanginginig sa ginaw. Pagod na pagod ako at mabilis ang tibok ng puso ko. May brown na plema rin ako.
Pneumonia,Hirap akong huminga at mataas ang lagnat ko. Basang-basa ako sa pawis at nanginginig sa ginaw. Ang bilis ng tibok ng puso ko at pagod na pagod ako. May lumalabas na brown na plema.
Pneumonia,"Napakataas ng lagnat ko at hirap akong huminga. Sobrang pawis ko, giniginaw ako, at pagod na pagod. Mabilis ang tibok ng puso ko at may brown na plema."
Pneumonia,Mataas ang lagnat ko at hirap akong huminga. Mabilis ang tibok ng puso ko at sobra ang pawis ko. Giniginaw ako at pagod na pagod. May brown na plema akong nilalabas.
Pneumonia,"Sobrang sakit ng katawan ko dahil sa mataas na lagnat. Hirap akong huminga, sobrang pawis ko, nanginginig at pagod na pagod ako. Ang bilis ng tibok ng puso ko at marami akong brown na plema."
Pneumonia,"Dahil sa mataas na lagnat at hirap sa paghinga, sobrang sama ng pakiramdam ko. Pinagpapawisan ako, nanginginig, at pagod na pagod. Ang tibok ng puso ko ay mabilis at umuubo ako ng maraming brown na plema."
Pneumonia,Hirap akong huminga at sobrang pawis ko. Ang dami ng plema sa lalamunan ko at masakit ang dibdib ko. Mabilis ang tibok ng puso ko at maitim at kalawang ang kulay ng plema.
Pneumonia,Sobrang pawis ko at hirap akong huminga. Puno ng plema ang lalamunan ko at masakit ang dibdib ko. Malakas ang tibok ng puso ko at ang plema ay makapal at parang kalawang ang kulay.
Pneumonia,Hirap na hirap akong huminga at sobrang pawis ko. Masakit ang dibdib ko at puno ng plema ang lalamunan ko. Ang tibok ng puso ko ay mabilis at kakaiba ang kulay ng plema.
Pneumonia,"Ang hirap huminga na para bang hinahabol ko palagi hininga ko. Tuloy-tuloy pa yung tagaktak ng pawis ko kahit hindi naman mainit. Ang sikip din ng dibdib ko tapos biglang sumasakit. Mabilis din yung tibok ng puso ko. Nararamdaman ko rin na ang daming plema sa bandang lalamunan ko at minsan mapula yung plema yung lumalabas, parang dugo na nga eh."
Pneumonia,Sobrang pawis ko at hindi ako makahinga nang maayos. Masakit ang dibdib ko at mabilis ang tibok ng puso ko. Puno ng plema ang lalamunan ko at umuubo ako ng mapulang plema.
Pneumonia,Hindi ako makahinga nang maayos at sobrang pawis ko. Masakit ang dibdib ko at mabilis ang tibok ng puso ko. Sobrang sama ng pakiramdam ko at dilaw ang plemang lumalabas.
Pneumonia,Basang-basa ako sa pawis at hirap akong huminga. Masakit ang dibdib ko at mabilis ang tibok ng puso ko. Puno ng plema ang lalamunan ko at umuubo ako ng brown na plema.
Pneumonia,Hirap akong huminga at sobrang pawis ko. Masakit ang dibdib ko at mabilis ang tibok ng puso ko. Puno ng plema ang lalamunan ko at kayumanggi ang plema ko.
Pneumonia,Nahihirapan akong huminga at sobrang pawis ko. Masakit ang dibdib ko at mabilis ang tibok ng puso ko. Puno ng plema ang lalamunan ko at mapula ang plemang lumalabas.
Pneumonia,Hindi ako makahinga nang maayos at sobrang pawis ko. Sobrang sama ng pakiramdam ko at maraming plema. Masakit ang dibdib ko at mabilis ang tibok ng puso ko. Kayumanggi at malapot ang plema ko.
Pneumonia,"Parang pinaliguan ako ng pawis at sobrang hirap huminga. Barado pa yung lalamunan ko ng plema tapos sobrang sama talaga ng pakiramdam ko. Yung dibdib ko, biglaan din yung pagsakit tapos ang bilis bigla ng tibok ng puso ko. Yung plema ko talaga yung pinaka-iniisip ko kasi may pagka-malapot at maitim yung plema."
Pneumonia,Basang-basa ako sa pawis at hirap akong huminga. Maraming plema sa lalamunan ko at masakit ang dibdib ko. Pagod na pagod ako at mabilis ang tibok ng puso ko. Mapulang plema ang nilalabas ko.
Pneumonia,"Mataas ang lagnat ko at hirap akong huminga. Mabilis ang tibok ng puso ko, sobrang pawis ko, at nanginginig ako. Pagod na pagod ako at maraming brown na plema ang nilalabas ko."
Pneumonia,Napakataas ng lagnat ko at hirap akong huminga. Basang-basa ako sa pawis at nanginginig. Pagod na pagod ako at mabilis ang tibok ng puso ko. May brown na plema rin ako.
Pneumonia,Mataas ang lagnat ko at hirap akong huminga. Basang-basa ako sa pawis at giniginaw. Pagod na pagod ako at mabilis ang tibok ng puso ko. Lumalabas ang brown na plema.
Pneumonia,Palagi akong giniginaw at nanginginig. Pagod na pagod ako at hindi nawawala ang ubo ko. Masakit ang dibdib ko at sobrang bilis ng tibok ng puso ko kapag inuubo ako. May mabahong plemang kulay kalawang.
Pneumonia,Hirap akong huminga at sobrang pawis ko. Puno ng plema ang lalamunan ko at masakit ang dibdib ko. Mabilis ang tibok ng puso ko at kayumanggi ang plema ko.
Pneumonia,Nahihirapan akong huminga at sobrang pawis ko. Puno ng plema ang lalamunan ko at masakit ang dibdib ko. Mabilis ang tibok ng puso ko at maitim na plema ang lumalabas.
Pneumonia,Mataas ang lagnat ko at hirap akong huminga. Sobrang pawis ko at sobrang hina ng katawan ko. Masakit ang dibdib ko at mabilis ang tibok ng puso ko. Makapal at itim ang plema ko.
Pneumonia,"Bigla akong nilagnat nang mataas at nanghihina. May matinding ubo na may makapal at maitim na plema. Nahihirapan akong huminga, mabilis ang tibok ng puso ko, at may pananakit sa dibdib. Labis din akong pinagpapawisan at nanginginig."
Pneumonia,"Kamakailan nanginginig ako, mahina, inuubo, at may mataas na lagnat. Hirap akong huminga at sobra ang pawis ko. Masakit ang dibdib ko at mabilis ang tibok ng puso ko. Makapal at maitim ang plema."
Pneumonia,"Nung kailan lang, grabe yung panginginig ng katawan ko. Tapos pakiramdam ko sobrang pagod yung katawan ko. Yung ubo ko pa parang walang katapusan. Taas din ng lagnat ko. Sobrang hirap din huminga tapos tagaktak yung pawis ko. Minsan biglang sumasakit yung dibdib ko tapos ang bilis ng tibok bigla. Kapag dumudura ako, ang kapal ng plema ko."
Pneumonia,"May ilang araw na po akong may mataas na lagnat, ubo na may plema, at hirap sa paghinga. Napapansin ko rin ang pananakit ng dibdib at mabilis na pagkapagod. Minsan ay nanginginig ako at pinagpapawisan kahit hindi naman mainit."
Pneumonia,Noong nakaraan nanginginig ako at sobrang mahina. Inuubo ako at may mataas na lagnat. Hirap akong huminga at sobrang pawis ko. Masakit ang dibdib ko at mabilis ang tibok ng puso ko. Makapal at maitim ang plema.
Pneumonia,"Ang bigat ng pakiramdam ko. Pagod na pagod yung pakiramdam ng katawan ko tapos inuubo pa nang malala. Tapos kapag humihinga ako parang hinahabol ko yung hininga ko. Masakit din yung dibdib ko tapos ang bilis ng tibok ng puso ko. Minsan kahit hindi naman malamig, nanginginig yung katawan ko na parang lamig na lamig ako. Yung plema ko rin makapal tapos maitim."
Pneumonia,"Hingal na hingal ako, wala naman akong ginagawa. Tapos ang lamig ng pawis ko tapos literal na pinagpapawisan ako. Yung pakiramdam ko parang palaging pagod na pagod tapos minsan nanginginig ako sa lamig kahit hindi naman malamig. Yung ubo ko tuloy-tuloy parang walang katapusan tapos ang taas din ng lagnat ko. Ang hirap huminga na parang hinahabol ko yung paghinga ko. Puro plema pa yung dura ko tapos parang makapal yung plema at medyo maitim."
Pneumonia,May lagnat ako at hirap akong huminga. Sobrang pawis ko at sobrang hina ng katawan ko. Masakit ang dibdib ko at mabilis ang tibok ng puso ko. Makapal at maitim ang plema ko.
Pneumonia,Basang-basa ako sa pawis at hirap akong huminga. Barado ng plema ang lalamunan ko at masakit ang dibdib ko. Mabilis ang tibok ng puso ko at sobrang sama ng pakiramdam ko. brown na malagkit ang plema ko.
Pneumonia,Sobrang pawis ko at hirap akong huminga. Barado ang lalamunan ko sa plema at masakit ang dibdib ko. Hindi ako komportable at mabilis ang tibok ng puso ko. Umuubo ako ng madilim na malagkit na plema.
Pneumonia,Hirap akong huminga at sobrang pawis ko. Masakit ang dibdib ko at sobrang sama ng pakiramdam ko. Maraming plema sa lalamunan ko at kakaiba ang kulay ng plema.
Pneumonia,Hirap na hirap akong huminga at sobrang pawis ko. Masakit ang dibdib ko at sobrang bigat ng pakiramdam ko. Maraming plema sa lalamunan ko at kakaiba ang kulay ng plema ko.
Pneumonia,Madalas akong umuubo at sobrang giniginaw at pagod. Mataas ang lagnat ko at hirap akong huminga. Sobrang pawis ko at sobrang hina ng katawan ko. Makapal at maitim ang plema ko.
Pneumonia,Grabe yung panginginig ako at sobrang pagod yung pakiramdam. Inuubo ako at mataas ang lagnat ko. Hirap akong huminga at sobrang pawis ko. Masakit ang dibdib ko at mabilis ang tibok ng puso ko. Makapal at maitim ang plema ko.
Pneumonia,"Matagal na akong inuubo, at sa bawat pag-ubo ay lumalabas ang makapal at naninilaw na plema. Minsan ay parang may mabigat na pakiramdam sa dibdib at hirap akong ilabas ang plema kahit gustong-gusto kong huminga nang malalim."
Pneumonia,"Ang aking dibdib ay masakit tuwing umuubo o humihinga nang malalim. Ang sakit ay parang may matalim na tusok sa gilid ng dibdib, lalo na kapag sinusubukan kong dumighay o umubo nang malakas."
Pneumonia,"Nananatili ang mataas na lagnat ko na higit sa tatlong araw kahit umiinom ako ng gamot. Madalas akong giniginaw, nanginginig, at pakiramdam ko ay pagod na pagod ang buong katawan ko kahit wala naman akong masyadong ginagawa."
Pneumonia,"Naghihingalo ang aking paghinga at parang may humaharang sa baga. Nahihirapan akong huminga; pakiramdam ko ay mabigat ang aking dibdib at parang may nakabara sa baga. Bawat hinga ay mababaw at mabilis, at minsan ay parang hindi sapat ang hangin na pumapasok sa aking katawan."
Pneumonia,Napansin kong may kasamang dugo ang plema tuwing umuubo ako nitong mga nakaraang araw. Nag-aalala ako dahil paminsan-minsan ay lumalabas ang mapulang bakas ng dugo kahit hindi naman ganoon kalakas ang ubo ko.
Pneumonia,"Ramdam ko ang matinding panghihina ng katawan. Wala akong ganang kumain, at kahit kaunting lakad o kilos ay agad akong hinihingal at pinanghihinaan ng tuhod."
Pneumonia,"Masakit ang aking buong katawan, lalo na ang likod at dibdib. Parang nananakit ang mga kalamnan at tuwing tatayo o gagalaw ako ay ramdam ko ang bigat sa dibdib."
Pneumonia,Palagi akong pinagpapawisan kahit hindi naman mainit ang panahon. Minsan kahit nakaupo lang ako o natutulog ay bumabaha ang pawis sa leeg at likod ko.
Pneumonia,"Kasabay ng lagnat ko, madalas din akong sumakit ang ulo. Ang sakit ay parang may bigat o presyon sa noo at likod ng ulo, lalo na kapag mataas ang temperatura ko."
Pneumonia,Lumalalim at lumalala ang pananakit ng dibdib tuwing sinusubukan kong huminga nang malalim o umubo. Minsan ay parang kinukurot ang loob ng dibdib ko at napipilitan akong huminga nang mababaw dahil sa kirot.